Kreisfreie Stadt + Landkreis + Land;Bevölkerung-männlich;Bevölkerung-weiblich;Bevölkerung-insgesamt;Fläche
Stadt Erfurt;103666;109237;212903;270
Stadt Gera;45760;48820;94580;152
Stadt Jena;55444;55499;110943;115
Stadt Suhl;17030;17959;34989;103
Stadt Weimar;31339;33252;64591;84
Stadt Eisenach;21009;21588;42597;104
Eichsfeld;50444;50068;100512;943
Nordhausen;41683;42527;84210;714
Wartburgkreis;61763;61690;123453;1307
Unstrut-Hainich-Kreis;51238;51958;103196;980
Kyffhäuserkreis;37484;37921;75405;1038
Schmalkalden-Meiningen;61289;61307;122596;1211
Gotha;67370;67956;135326;936
Sömmerda;34817;34911;69728;807
Hildburghausen;31824;31830;63654;938
Ilm-Kreis;54537;54002;108539;844
Weimarer Land;40679;41293;81972;804
Sonneberg;27645;28582;56227;434
Saalfeld-Rudolstadt;52633;54228;106861;1036
Saale-Holzland-Kreis;41328;41700;83028;815
Saale-Orla-Kreis;40176;40884;81060;1151
Greiz;48618;50103;98721;846
Altenburger Land;44244;46125;90369;569
Thüringen;1062020;1083440;2145460;16202
kreisfreie Städte;274248;286355;560603;829
Landkreise;787772;797085;1584857;15374
